id,species,location_type,location_coordinates_0,location_coordinates_1
001ced99-bf0c-4045-9895-7814c8a2ceee,FUNESTUS COMPLEX,Point,8.499,3.451
01f1f157-3d93-4107-be01-ec62ec5f2d95,FUNESTUS COMPLEX,Point,46.417,-19
038cb81a-2fc9-4c3a-91df-fe45c5b9a43d,FUNESTUS COMPLEX,Point,-15.434,15.667
0399bc9b-573d-44f4-affe-87107a8fa1df,FUNESTUS COMPLEX,Point,34.5167,-0.1
0659e627-635d-4604-a50f-029376de02d5,FUNESTUS COMPLEX,Point,13.507,9.398
06d7dbc4-ade0-4d90-8fe7-24c8af6e3d38,FUNESTUS COMPLEX,Point,30,-3.38
070680b8-7a62-4579-a8eb-b40b36f6c63d,FUNESTUS COMPLEX,Point,34.7167,-0.8667
0714c733-1cb6-4568-8802-f5a5d6f99b8b,FUNESTUS COMPLEX,Point,37.409,-0.606
0752892b-cf9a-47b2-9e7b-67f4e089f650,FUNESTUS COMPLEX,Point,8.849,3.551
077fa385-9c20-4195-8758-c61ecd39ac5f,FUNESTUS COMPLEX,Point,34.7483,0.167
08019636-8da7-48bc-8b39-ce637c537336,FUNESTUS COMPLEX,Point,8.8,3.483
0904a24c-7de1-4e22-96f8-c67e27fde67d,FUNESTUS COMPLEX,Point,37.45,-0.5667
096116e2-badd-4727-9109-7ebcbd14ce7d,FUNESTUS COMPLEX,Point,34.527806,0.120078
0a745acd-5ae4-4509-b39d-ab082a7dcec6,FUNESTUS COMPLEX,Point,34.916,-0.183
0b5a7c86-eea3-4cf7-b4ae-530a4b841e53,FUNESTUS COMPLEX,Point,-4.622,6.497
0cf2af5f-e057-4631-b01f-15312ba565eb,FUNESTUS COMPLEX,Point,34.383,-0.182
0dd38878-5d0f-4cb8-afb6-93228b865c8b,FUNESTUS COMPLEX,Point,37.482,5.251
0df5fbe3-5b64-451f-acdf-f53f4d5075ec,FUNESTUS COMPLEX,Point,37.3446,-0.6981
0eedc0ee-82f6-482d-abbb-a001e231cd41,FUNESTUS COMPLEX,Point,34.7483,0.167
0ef185ce-e0b5-450d-9eba-59477032f8ff,FUNESTUS COMPLEX,Point,32.5383,-25.9388
0f012bd2-4ff2-4402-afc1-d4ba618d89ef,FUNESTUS COMPLEX,Point,46.417,-19
0f4e350f-2ee5-4562-a454-38e2fb13d653,FUNESTUS COMPLEX,Point,13.507,9.398
129e429d-8dbe-475a-a605-943d3adb2f6f,FUNESTUS COMPLEX,Point,34.76489,-0.66396
12ff94e9-1ad4-49d3-8021-0f895c86be0b,FUNESTUS COMPLEX,Point,34.766,0.184
13ba8219-a0ac-4307-8fb6-568b701fa9bf,FUNESTUS COMPLEX,Point,8.7,3.5
13fbb463-b92d-4e0e-8f66-551695ccae03,FUNESTUS COMPLEX,Point,32.282,-26.833
16026e13-f072-4a72-bc94-0329ad4bf393,FUNESTUS COMPLEX,Point,34.6,-0.1333
16322dc5-68ec-4882-a6ae-1d13ccbff3ed,FUNESTUS COMPLEX,Point,34.511058,0.110918
1760e052-0f55-41fe-b4a0-e6d8681e4f4c,FUNESTUS COMPLEX,Point,37.317,-0.667
1893e23d-db1c-4594-a621-88d200f6c745,FUNESTUS COMPLEX,Point,37.45,-0.5667
196564b9-9175-4701-836f-9d0ef8f44b98,FUNESTUS COMPLEX,Point,8.755,3.398
19bc3113-e599-4c0e-88b0-267e12c36ec4,FUNESTUS COMPLEX,Point,32.544,0.294
19ded98c-5dd9-4112-961b-487900ce4659,FUNESTUS COMPLEX,Point,46.2727,-19.243
1b11bca1-28cf-4ffd-937e-9eedf379ca06,FUNESTUS COMPLEX,Point,46.2727,-19.243
1b12aa7a-f7e9-494e-bd2d-5751f96a7b09,FUNESTUS COMPLEX,Point,34.5167,-0.1
1b4e7bf6-bba3-4e12-ad43-ca4ab54c104b,FUNESTUS COMPLEX,Point,34.75,0.1667
1cea0545-cfe8-444f-8775-72d862547a33,FUNESTUS COMPLEX,Point,34.5167,-0.1
1d6d620a-ac06-4e7f-8c11-0c0ff25fbf10,FUNESTUS COMPLEX,Point,34.503201,0.111102
1e3c9f75-783e-4a01-80d6-9226c4d4070c,FUNESTUS COMPLEX,Point,30.19,-3
21093696-aab4-41f9-9bc6-48ac9d4c80a4,FUNESTUS COMPLEX,Point,2.916,13.434
21645594-de8b-485c-9120-0516e4a5c4a9,FUNESTUS COMPLEX,Point,13.675,9.115
2167c341-e204-4629-bec1-e9d986522af6,FUNESTUS COMPLEX,Point,-3.601,12.516
216ae98d-0724-4cb2-ad02-cb983d4498a0,FUNESTUS COMPLEX,Point,8.7,3.5
22460b29-0339-435d-9c5d-3839fe047321,FUNESTUS COMPLEX,Point,32.594,0.3646
22bf4e6d-da26-4e1f-878b-2d0f73815886,FUNESTUS COMPLEX,Point,11.432,3.717
22cab7a4-4908-4079-92dc-73ef28e00ddd,FUNESTUS COMPLEX,Point,34.7833,-0.7166
2598a0f8-532c-439e-a11f-4c7b28367dd6,FUNESTUS COMPLEX,Point,32.544,0.294
25b48d03-7956-4e48-9db8-b620707283cd,FUNESTUS COMPLEX,Point,37.317,0.667
272a653f-a1e3-4bc4-9c66-abbd2c9d7271,FUNESTUS COMPLEX,Point,8.548,3.455
28317cdf-64e1-4946-98de-adb183ce9443,FUNESTUS COMPLEX,Point,29.866,-1.284
285296f3-acdb-43af-9e83-afb366714765,FUNESTUS COMPLEX,Point,13.675,9.115
28b09be6-fc34-4f53-a1b6-cdfc0a000de2,FUNESTUS COMPLEX,Point,-4.622,6.497
29753486-23ba-4f62-a15c-cebaad290afc,FUNESTUS COMPLEX,Point,34.7991,-0.5794
29e5afaa-bf47-49ec-9c35-9a72fa06f0e7,FUNESTUS COMPLEX,Point,34.7483,0.167
2a75ff32-b4cd-442e-9872-466464f11338,FUNESTUS COMPLEX,Point,37.409,-0.606
2ac86eb2-0212-49c9-ae6e-a5302ecb5926,FUNESTUS COMPLEX,Point,11.483,3.816
2acb45da-27eb-4a6a-b12a-dc0c8a7dfbc1,FUNESTUS COMPLEX,Point,37.409,-0.606
2b603b22-59bd-4822-b72f-cbbe821812b1,FUNESTUS COMPLEX,Point,8.632,3.584
2bf0e70b-b42d-4355-9310-8d08511df478,FUNESTUS COMPLEX,Point,13.507,9.398
2bf78a28-5d7d-4993-8e3b-a5b0192823af,FUNESTUS COMPLEX,Point,-15.9167,15.9667
2c45a579-bea7-40d9-b008-b195291ce6c0,FUNESTUS COMPLEX,Point,34.527339,0.106103
2c75279c-a5ed-4559-9fb5-3e96e2f82fef,FUNESTUS COMPLEX,Point,46.2167,-19.3833
2df21218-fbe3-4375-a9a6-5d49a989a95e,FUNESTUS COMPLEX,Point,13.507,9.398
2eec6ab2-c672-40aa-a671-1aa288b942f0,FUNESTUS COMPLEX,Point,34.7483,0.167
2ff9dd60-70ec-41ae-88d8-711d6ed7dd34,FUNESTUS COMPLEX,Point,8.548,3.455
312e8300-ad28-4e99-8f7f-432520e55ea3,FUNESTUS COMPLEX,Point,37.45,-0.5667
3173538c-3a84-439c-abe2-ddd612c549f6,FUNESTUS COMPLEX,Point,37.409,-0.606
31832194-9a24-4d5b-aa7d-316f471aa7e5,FUNESTUS COMPLEX,Point,37.45,-0.5667
31a4a460-eca9-471b-be18-153f103db7f4,FUNESTUS COMPLEX,Point,34.54005,0.106362
31d6e7d5-a1dd-45d2-88c9-dfc4f8a4ef38,FUNESTUS COMPLEX,Point,34.7483,0.167
31f81c54-7815-4e65-910b-7ca3be308dec,FUNESTUS COMPLEX,Point,46.2167,-19.3833
32d493b9-93f6-4b05-835d-a31377552488,FUNESTUS COMPLEX,Point,37.409,-0.606
357c4399-bd10-4a65-9ffa-11e49e7e61e1,FUNESTUS COMPLEX,Point,-5.4,6.866
36332938-ba06-45a5-ab2a-5899e130ac58,FUNESTUS COMPLEX,Point,8.7167,3.7833
365dd4e8-e240-44ff-b2af-f3940dc30452,FUNESTUS COMPLEX,Point,34.5167,-0.1
378723ca-bf36-4dcb-8840-6d31649b9cb1,FUNESTUS COMPLEX,Point,32.217,-27.333
386168c2-d10c-4959-8ce7-2fbdda73762f,FUNESTUS COMPLEX,Point,-15.434,15.667
3873ab92-7b20-4364-b845-e23d14cf8111,FUNESTUS COMPLEX,Point,32.645,-25.02
38aba93f-8799-42fc-985c-bb34f2415505,FUNESTUS COMPLEX,Point,34.292,-0.482
3a149428-6124-4087-99c6-c1d410f86622,FUNESTUS COMPLEX,Point,-8.268,12.2
3b442978-943e-48a8-a1f8-2754e630ebee,FUNESTUS COMPLEX,Point,8.755,3.398
3b5423d0-3148-4a03-86c6-a00c398ce9c1,FUNESTUS COMPLEX,Point,8.7167,3.7833
3c28715c-9ac5-4536-b83c-f80b49711ea5,FUNESTUS COMPLEX,Point,32.865,-24.799
3d7e4efd-bc5d-4b94-9c2d-cd9e64fa9b16,FUNESTUS COMPLEX,Point,46.2167,-19.3833
3dc86cc0-aab7-45a9-bffe-b91383228cad,FUNESTUS COMPLEX,Point,37.3446,-0.6981
3df01516-d232-4782-925e-c79935d75b36,FUNESTUS COMPLEX,Point,37.3585,-0.7109
3e788dac-1a11-4b59-b5c4-ce87c1137a3a,FUNESTUS COMPLEX,Point,13.675,9.075
400001d7-c293-4d6c-9c80-cf83682db42f,FUNESTUS COMPLEX,Point,34.7667,-0.7
40398660-1f8a-4aa2-8ac5-49fb4c63bd2e,FUNESTUS COMPLEX,Point,46.417,-19
41d2c5a0-eac2-4a5f-bc6d-cd5903ff0317,FUNESTUS COMPLEX,Point,8.833,3.717
41f99bd0-0ede-45cb-bdf6-e8efcb83192c,FUNESTUS COMPLEX,Point,8.833,3.717
42786eda-0e4d-4c88-be16-eb864d9e36b6,FUNESTUS COMPLEX,Point,8.7,3.5
42af6e3f-fdce-4395-af1e-7664f6614464,FUNESTUS COMPLEX,Point,32.783,-25.033
42daa488-95e8-4a4c-8c8e-fe74238aa46e,FUNESTUS COMPLEX,Point,34.94,-0.87
431760f5-f5dc-4631-9b60-d7b83d11b882,FUNESTUS COMPLEX,Point,34.916,-0.183
46c2c797-dca3-4fec-8577-c70d531132fb,FUNESTUS COMPLEX,Point,37.409,-0.606
4714c74b-962c-4ba9-b699-cdcadba95c91,FUNESTUS COMPLEX,Point,29.999,-0.85
47315c71-b51b-4363-92c7-cb27d9198501,FUNESTUS COMPLEX,Point,13.507,9.398
47c3a55c-d9fb-435f-9fbf-1374eeb6e4bd,FUNESTUS COMPLEX,Point,29.999,-0.85
4a992965-0943-4b4c-a897-67b73a8c9384,FUNESTUS COMPLEX,Point,29.999,-0.85
4b7967c6-620c-4826-8541-3f5f2c2b8d22,FUNESTUS COMPLEX,Point,34.7991,-0.5794
4b967e32-ca78-4b95-b395-eae5721b0541,FUNESTUS COMPLEX,Point,-3.968,5.249
4c992cf0-aaf3-4524-9225-c0c43feb98a4,FUNESTUS COMPLEX,Point,-15.934,15.983
4e4ee004-9872-4973-b4c4-4831045e6dd0,FUNESTUS COMPLEX,Point,37.45,-0.5667
4e726c64-97cf-4442-a40b-0e259f24dc6a,FUNESTUS COMPLEX,Point,34.7991,-0.5794
4fb886bd-a17a-4074-8753-c100c24f2cea,FUNESTUS COMPLEX,Point,34.7167,-0.8667
509909ec-6687-47b5-9ddc-8ef762238127,FUNESTUS COMPLEX,Point,34.7991,-0.5794
5189e7f6-b468-477e-87d7-9207bc63729c,FUNESTUS COMPLEX,Point,34.5167,-0.1
52367ee2-3f79-4713-86f2-5d5662488151,FUNESTUS COMPLEX,Point,37.317,-0.667
52cee3e0-6778-428f-af21-68abf8492136,FUNESTUS COMPLEX,Point,32.6336,-25.9169
549b2311-12e9-4744-957b-bfc7bf1a5244,FUNESTUS COMPLEX,Point,34.205,-0.418
550db419-a260-4481-bb29-6a9029686796,FUNESTUS COMPLEX,Point,46.2167,-19.3833
55ebd474-220c-41c5-9b6a-f52e8c0d525d,FUNESTUS COMPLEX,Point,8.75,3.75
56504cbe-4739-4819-857f-d0c2e7b77064,FUNESTUS COMPLEX,Point,46.2167,-19.3833
56d90766-c3e0-4400-89e3-db89c83de9a8,FUNESTUS COMPLEX,Point,32.315,-26.033
5794bbe3-6bda-4a35-8917-cdbc635752a2,FUNESTUS COMPLEX,Point,-1.659,6.194
5918eed3-4291-489c-8664-0abe2688ebc3,FUNESTUS COMPLEX,Point,46.2727,-19.243
5b00cba4-7120-41d6-b95c-1a65f5c63543,FUNESTUS COMPLEX,Point,34.916,-0.182
5b56373e-74fe-4e8c-ade5-73b18efaca0e,FUNESTUS COMPLEX,Point,33.531,-24.68
5badc926-e22d-42d9-905e-328b9fee966f,FUNESTUS COMPLEX,Point,34.7167,0.0833
5e3d9a2d-c1b0-48d5-8edd-5203dce24060,FUNESTUS COMPLEX,Point,32.616,-25.883
5f019379-2e73-4a83-ab42-3365e1e1dbbb,FUNESTUS COMPLEX,Point,3.733,6.934
60ec94d2-c3ab-4efd-b2b1-5ed113cdeead,FUNESTUS COMPLEX,Point,46.349,-19.133
6142acf0-8444-4184-876a-011d1e6ad7e6,FUNESTUS COMPLEX,Point,46.2167,-19.3833
61486abd-3dd0-45a5-a00f-e34095a595b7,FUNESTUS COMPLEX,Point,32.5652,-25.8952
6186c61e-84a4-4f70-8d60-ad32771350ba,FUNESTUS COMPLEX,Point,-15.583,16.516
623edcaa-47e0-485a-af02-b906cdafe842,FUNESTUS COMPLEX,Point,37.287,-0.657
633281f1-3b7f-473f-a1e2-7c2342420bbe,FUNESTUS COMPLEX,Point,33.219,0.419
63a19a61-6be2-451b-b193-7180bfca64fd,FUNESTUS COMPLEX,Point,37.409,-0.606
64ed378d-b3c0-4f77-a8d9-b22f57fd3755,FUNESTUS COMPLEX,Point,37.3446,-0.6981
6592c3cc-54c5-4024-bb37-fa0d1866f611,FUNESTUS COMPLEX,Point,46.349,-19.133
67c62491-a36f-441c-8201-ee5b01d062f4,FUNESTUS COMPLEX,Point,33.219,0.419
67d9edc2-e00d-4576-84d1-d29d9acae58a,FUNESTUS COMPLEX,Point,37.449,-0.565
68e33382-0213-456f-a2a1-8470d4410fcb,FUNESTUS COMPLEX,Point,34.7483,0.167
697eb4fb-428e-4495-81bb-d40f48768164,FUNESTUS COMPLEX,Point,46.417,-19
69ac2757-40a8-479a-bb1f-bd1250b593d0,FUNESTUS COMPLEX,Point,30.02,-3.42
69e238a9-716e-4dcd-ac6a-25e6dfb44359,FUNESTUS COMPLEX,Point,32.217,-27.333
6cc32a02-3e40-4718-8b7d-2edef5289d58,FUNESTUS COMPLEX,Point,34.5,-0.1167
6da441d5-9c29-45db-8b6f-c7d6975a0eaf,FUNESTUS COMPLEX,Point,34.7483,0.167
6deea58a-c3be-4820-a64b-1922472450e2,FUNESTUS COMPLEX,Point,37.3446,-0.6981
6e8a728f-4eda-461b-9dfb-3dcfdb7898ca,FUNESTUS COMPLEX,Point,37.45,-0.5667
6eb307a8-a864-4b71-b00e-f3694294c1d4,FUNESTUS COMPLEX,Point,46.2167,-19.3833
6f56c13a-ec23-42e4-9e50-5a4a2d33ab07,FUNESTUS COMPLEX,Point,-15.934,15.983
6fa5cf56-6355-48c0-9b5b-66fdfd614c38,FUNESTUS COMPLEX,Point,34.7991,-0.5794
7079446e-f848-4452-ab13-0b149409acbb,FUNESTUS COMPLEX,Point,37.45,-0.5667
70b03112-1718-468a-b77f-c27046c276cb,FUNESTUS COMPLEX,Point,-15.434,15.667
70b702dc-85cf-4258-bcba-e5d5c29d3d80,FUNESTUS COMPLEX,Point,37.409,-0.606
71307ca3-6292-4d76-876a-700cede1f050,FUNESTUS COMPLEX,Point,29.999,-0.85
71679d83-445d-4ea3-8a76-d1ba72bcb9a0,FUNESTUS COMPLEX,Point,8.616,3.434
723c3100-2955-4562-920b-350e7c424121,FUNESTUS COMPLEX,Point,37.45,-0.5667
72a7e4e3-0cff-42e5-a95d-c56640eda9e1,FUNESTUS COMPLEX,Point,37.333,-0.683
7469b119-431a-4465-bddf-d0bbefcce646,FUNESTUS COMPLEX,Point,37.45,-0.5667
7661de87-27d5-4164-8683-3640fed7ed80,FUNESTUS COMPLEX,Point,46.417,-19
78a8cb46-dbb0-444d-af38-5a3213798e42,FUNESTUS COMPLEX,Point,30.11,-3.15
7a0dcd9d-d225-4628-8e3b-27ed22a41195,FUNESTUS COMPLEX,Point,46.349,-19.133
7b9ce5df-a781-4212-ba7d-3d20a630593c,FUNESTUS COMPLEX,Point,37.3446,-0.6981
7bda43b0-2aea-40ef-9762-aff633428ef6,FUNESTUS COMPLEX,Point,3.382,11.867
7c62d26f-5473-4b5d-804d-de782d5c3884,FUNESTUS COMPLEX,Point,43.644,3.12
7ec6d454-f49d-4306-95e4-b9f9232637f5,FUNESTUS COMPLEX,Point,30.0831,-3.1294
7f6a4a8b-1099-4685-89ab-18ad42c1c95f,FUNESTUS COMPLEX,Point,34.5167,-0.1
80adb70f-29e7-4e31-884b-3d31c583b996,FUNESTUS COMPLEX,Point,46.2167,-19.3833
80c0292e-ab96-4643-bb88-fa24377494b0,FUNESTUS COMPLEX,Point,46.349,-19.133
816485cd-02a2-4b43-9cf6-049b4e6cf13c,FUNESTUS COMPLEX,Point,13.528,8.642
81827218-67c1-466b-8c77-c2dba0f61df1,FUNESTUS COMPLEX,Point,2.916,13.434
81d3ccf5-f8aa-4f1e-8584-a7953319a708,FUNESTUS COMPLEX,Point,46.349,-19.133
8237a18d-8699-46a3-b1f3-0b1c0475e243,FUNESTUS COMPLEX,Point,46.2167,-19.3833
82f67461-a26a-4711-a5f1-2f2c322216b1,FUNESTUS COMPLEX,Point,46.2727,-19.243
8385d1a6-903f-4b49-acb6-9f6742387027,FUNESTUS COMPLEX,Point,2.916,13.434
8451dd27-34cb-4fb4-9b4a-7df94b28fbd9,FUNESTUS COMPLEX,Point,-5.4,6.866
8471ba90-071c-4109-ac92-85adfae91d05,FUNESTUS COMPLEX,Point,34.526988,0.111091
84eefa7c-2bfb-4eb3-bca9-97cf55e7b8fd,FUNESTUS COMPLEX,Point,34.69638,-0.65683
85560ab9-30e0-41b6-9ad9-aec8dc652a93,FUNESTUS COMPLEX,Point,37.3446,-0.6981
85577e0e-cd2e-4bc0-a00b-5c8eede480e9,FUNESTUS COMPLEX,Point,23.9,-3.09
85b700a3-caff-4053-854f-a14976520930,FUNESTUS COMPLEX,Point,29.999,-0.85
85ce3827-c1ef-41e8-bd15-50a853ba0b4d,FUNESTUS COMPLEX,Point,15.7333,-12.55
879808e9-f5ee-415d-b22b-f053417edb70,FUNESTUS COMPLEX,Point,-3.734,12.9
896e158b-52a7-4db6-ac27-8cb0d761581d,FUNESTUS COMPLEX,Point,-5.4,6.866
8a85a67b-3d4f-42cc-8ab6-8d2860a2a02d,FUNESTUS COMPLEX,Point,15.7333,-12.55
8ca77aac-2aa7-4384-aae6-6dc16bdae4bb,FUNESTUS COMPLEX,Point,29.866,-1.284
8da4b51f-81ea-479e-8b51-ca4163437ca2,FUNESTUS COMPLEX,Point,30.2666,-3.0166
8e8df254-a41e-4ea5-8b54-d6808777b81a,FUNESTUS COMPLEX,Point,26.783,-16.434
92458b91-32ee-42bc-90fd-bebe4d6e783a,FUNESTUS COMPLEX,Point,37.409,-0.606
93dd2871-f0b6-4d53-83b1-b1aad14b2e2e,FUNESTUS COMPLEX,Point,34.7667,-0.7
954df48f-b80d-46e5-acfd-e3e99055892c,FUNESTUS COMPLEX,Point,46.349,-19.133
98f319a4-592a-4cdb-9241-07842dddaf32,FUNESTUS COMPLEX,Point,-15.9167,15.9667
9974a44c-4f6b-457f-b7e6-b9499bcb8211,FUNESTUS COMPLEX,Point,3.349,7.159
9ab672f3-97cb-41d8-85da-876efa3385a3,FUNESTUS COMPLEX,Point,46.349,-19.133
9b0d7687-3885-4387-8cf5-9f7e74d4d768,FUNESTUS COMPLEX,Point,8.499,3.451
9b66f728-a002-483b-8451-2866df79520e,FUNESTUS COMPLEX,Point,34.916,-0.183
9c3ac174-3dc8-48f1-bb0d-2fd882ed685d,FUNESTUS COMPLEX,Point,37.45,-0.5667
9e198b17-2dae-467d-8fee-955ad11a5643,FUNESTUS COMPLEX,Point,2.916,13.434
9e40ab67-0148-4394-87c6-9aeb5e14406a,FUNESTUS COMPLEX,Point,-15.583,16.516
9e68d765-a5b9-40c9-8357-5c8cd406891a,FUNESTUS COMPLEX,Point,34.7167,0.0833
9e92ab52-20f4-4b21-9256-46d3ecc2e009,FUNESTUS COMPLEX,Point,46.2167,-19.3833
9f1698b0-35cf-458f-aee8-573531033793,FUNESTUS COMPLEX,Point,8.917,3.7
9f3f6d6a-904f-4a8d-99e3-b454bdb66ceb,FUNESTUS COMPLEX,Point,-15.934,15.983
a0150dbe-88af-4e2e-809f-504ecb66f5e2,FUNESTUS COMPLEX,Point,26.783,-16.434
a0c5afab-73a9-4d0f-a8f5-abdac2ac1e17,FUNESTUS COMPLEX,Point,8.8,3.483
a24ae9e0-f937-401e-8fe0-cd284009e8ec,FUNESTUS COMPLEX,Point,8.917,3.7
a2fa6ff1-723d-484f-99cc-0e62e1c9f21e,FUNESTUS COMPLEX,Point,8.783,3.75
a30cee2c-71c0-4c85-9bb4-4ea5ee377a02,FUNESTUS COMPLEX,Point,35.2333,0.2167
a347ec2f-3cb8-40ae-a947-1ace232c67df,FUNESTUS COMPLEX,Point,-15.583,16.516
a3846bda-9acf-4e2e-829a-34482b2c05a9,FUNESTUS COMPLEX,Point,34.6,-0.1333
a3875d90-b3f4-4771-ae5c-89cc2a7bb2ef,FUNESTUS COMPLEX,Point,46.349,-19.133
a38ecba9-0262-4e84-8959-b6abb5a5b916,FUNESTUS COMPLEX,Point,37.3446,-0.6981
a3bbc3da-ab6c-46df-8875-7b48c48e3122,FUNESTUS COMPLEX,Point,37.3446,-0.6981
a3bfe45e-86f0-48e3-8cf6-6c30807b5606,FUNESTUS COMPLEX,Point,34.532845,0.104402
a43e546d-0c2d-408e-a1ee-f74223ab5d69,FUNESTUS COMPLEX,Point,-1.659,6.194
a4a21351-69b7-4238-82b6-4af1b9cda879,FUNESTUS COMPLEX,Point,37.3446,-0.6981
a4fea69e-0fc7-4c8c-8a7f-9eb851abe034,FUNESTUS COMPLEX,Point,34.516282,0.114611
a561d2c9-3e48-4eed-8bbe-de78e3db3cd5,FUNESTUS COMPLEX,Point,37.409,-0.606
a5da6c20-a2dd-44a9-826d-181fb83ab5db,FUNESTUS COMPLEX,Point,-15.583,16.516
a617e3a2-3735-4bac-824c-60f325c4188b,FUNESTUS COMPLEX,Point,34.666667,-0.066667
a6fb21ee-4000-4907-9672-28c3b3f4a230,FUNESTUS COMPLEX,Point,37.3446,-0.6981
a758bf53-bbbe-4c46-b955-0811456ee675,FUNESTUS COMPLEX,Point,37.45,-0.5667
a9b4cee2-04f1-4297-b908-e96da710cf58,FUNESTUS COMPLEX,Point,34.85,-0.76
aa57b471-2b69-4c8a-9094-8cd3a860f863,FUNESTUS COMPLEX,Point,-15.434,15.667
aa5abd51-f7d5-47d9-9ac4-5bec9539232e,FUNESTUS COMPLEX,Point,8.7,3.5
aa5b5199-05a1-4b9b-a42a-611d98c5c637,FUNESTUS COMPLEX,Point,32.239,-25.597
abb40d81-1131-47a6-b1fb-13520de67cef,FUNESTUS COMPLEX,Point,46.2167,-19.3833
acd2f42d-2942-41dd-84b2-222b3e28f245,FUNESTUS COMPLEX,Point,29.999,-0.85
ad56177f-7231-479c-81a5-7344eecb838a,FUNESTUS COMPLEX,Point,46.417,-19
ae52adc5-ee0a-4b28-ac7b-382367f9a2c0,FUNESTUS COMPLEX,Point,29.999,-0.85
ae7ff2e1-9dae-45e5-b672-101e96c3817e,FUNESTUS COMPLEX,Point,-7.546,7.404
af301672-5494-4ef6-94cd-89eba3b7af56,FUNESTUS COMPLEX,Point,46.2727,-19.243
b0dd98d4-4705-44e5-aca1-f00716de7060,FUNESTUS COMPLEX,Point,34.205,-0.418
b0e43fca-59ee-4176-9788-7f46a39979a4,FUNESTUS COMPLEX,Point,37.45,-0.5667
b2705a78-3f60-4957-bf01-c39235855296,FUNESTUS COMPLEX,Point,9.773,1.843
b325e1e8-79a2-4b4f-9f95-3ceb3d1bd231,FUNESTUS COMPLEX,Point,34.7167,0.0833
b37aac4c-139d-42aa-8c53-e802fe3c5006,FUNESTUS COMPLEX,Point,34.205,-0.418
b440670c-3a43-4741-9398-af33965ca4d3,FUNESTUS COMPLEX,Point,46.349,-19.133
b4b48d9a-44e8-452a-93e5-1aebc95dc18a,FUNESTUS COMPLEX,Point,32.566,-25.8
b4e89cf0-1038-49ac-ade6-785fc6329c0b,FUNESTUS COMPLEX,Point,37.3446,-0.6981
b4fde0df-9100-43c7-b1f5-c6429438d4ca,FUNESTUS COMPLEX,Point,-8.246,12.165
b4ffa1d9-f6ed-435b-81c1-0ff678b9f3c1,FUNESTUS COMPLEX,Point,46.417,-19
b5fd5cbf-499b-4408-9f46-d319658bc823,FUNESTUS COMPLEX,Point,13.507,9.398
b625109a-17ad-49d1-9003-dc33b9ba34b2,FUNESTUS COMPLEX,Point,2.916,13.434
b636e8f8-ccdf-475c-b887-d4a672077991,FUNESTUS COMPLEX,Point,11.299,2.117
b6bf27c0-7082-47b4-86a9-47cc54872254,FUNESTUS COMPLEX,Point,-1.659,6.194
b6e96334-180c-48a6-9337-7b05d681c39c,FUNESTUS COMPLEX,Point,46.417,-19
b7e38889-a87e-4d42-8233-20cdf3015416,FUNESTUS COMPLEX,Point,37.35,-0.67
bae824c2-adcd-41fb-b92b-944e53e97ba6,FUNESTUS COMPLEX,Point,29.999,-0.85
bc4ab7dd-f7e3-4cf4-a2bd-eb20087faadb,FUNESTUS COMPLEX,Point,26.783,-16.434
bc7e6f52-73eb-4f83-84cb-c7b76e49608f,FUNESTUS COMPLEX,Point,34.292,-0.482
bc92fe19-d6f7-4b2f-b495-006fd1eac8ce,FUNESTUS COMPLEX,Point,-15.934,15.983
bf38e336-b1da-43f0-b932-12f9a4ef8bda,FUNESTUS COMPLEX,Point,34.916,-0.183
c1d98870-4a27-4493-ac7a-baa170070517,FUNESTUS COMPLEX,Point,8.75,3.75
c2646e93-3868-4c3d-bb60-d54c6d9b8be3,FUNESTUS COMPLEX,Point,46.417,-19
c2eb5255-161b-49da-9a45-4cf4989bfae8,FUNESTUS COMPLEX,Point,10.466,1.584
c2ffd537-4ff2-420f-83fb-8f7170bd3704,FUNESTUS COMPLEX,Point,-4.622,6.497
c55e793f-bc91-41ed-8599-01bfb65cdc95,FUNESTUS COMPLEX,Point,26.773,-16.217
c70b7eb4-1790-4f22-911d-443cc1a8c713,FUNESTUS COMPLEX,Point,-5.91,14.36
c8d79c32-ca63-4328-aeef-88e7778b40c4,FUNESTUS COMPLEX,Point,34.7991,-0.5794
c97d295f-ce8f-4f5e-9e54-a53676878b12,FUNESTUS COMPLEX,Point,37.333,-0.683
cbd8f29e-501f-492b-a1bb-f1b8ea9dc7ea,FUNESTUS COMPLEX,Point,46.2727,-19.243
cc87381e-7464-415b-9e01-445e3f28e5fe,FUNESTUS COMPLEX,Point,34.7167,0.0833
ccb54cef-a43e-49de-8db1-8856a019487b,FUNESTUS COMPLEX,Point,-15.434,15.667
cdac3eb8-ee2b-455e-ae8a-b6e0d9fcd0e1,FUNESTUS COMPLEX,Point,34.7167,0.0833
ce6a6724-26ed-43da-ad85-5af4cc4c5d08,FUNESTUS COMPLEX,Point,13.675,9.075
cef51408-f63e-4b28-ab04-25d83db84a2a,FUNESTUS COMPLEX,Point,34.51965,0.116822
cf4ddf58-f036-4c0d-8d41-dfaf4441025b,FUNESTUS COMPLEX,Point,15.7333,-12.7667
d120b0a4-fae0-48ea-87e5-2fa2dd8e38ce,FUNESTUS COMPLEX,Point,32.982,-24.532
d1e1e034-5c9a-43ca-8784-7405b97e7e8a,FUNESTUS COMPLEX,Point,-15.9167,15.9667
d444e7f2-26aa-443f-8c87-2fe8984af4a7,FUNESTUS COMPLEX,Point,-15.583,16.516
d6bb6bd7-1c9a-401d-9a47-de8367b309d4,FUNESTUS COMPLEX,Point,8.783,3.75
d7386594-4d7d-4d13-bdd0-c31b8c80fdc9,FUNESTUS COMPLEX,Point,8.616,3.434
d8a6abd7-bc7d-4f3b-aee2-d9d233a17603,FUNESTUS COMPLEX,Point,37.2668,-0.6245
d8fde3b0-4cb5-43b9-9c21-3f9ebb0b7d96,FUNESTUS COMPLEX,Point,13.528,8.642
d963b887-f351-4fa7-8b71-c6eef2381ee0,FUNESTUS COMPLEX,Point,8.716,3.701
dbbedee9-9f7f-421b-a1bd-db5b6bc4083a,FUNESTUS COMPLEX,Point,34.7167,0.0833
dbde4246-2ccf-4f2f-8155-3bc57b8d6a7b,FUNESTUS COMPLEX,Point,-3.86,12.729
dde5ee8e-e9c5-4595-b21e-05c7e17848c9,FUNESTUS COMPLEX,Point,37.3058,-0.6496
dee43c7a-478f-40fe-9340-baa25f6c7fbb,FUNESTUS COMPLEX,Point,37.409,-0.606
e12f053b-eff6-417c-ada0-d712182e55dc,FUNESTUS COMPLEX,Point,46.2727,-19.243
e2a8e9ee-1120-4438-a695-2bea44601774,FUNESTUS COMPLEX,Point,37.346,-0.695
e3c495bd-655e-412d-941f-67305389a0cc,FUNESTUS COMPLEX,Point,37.3446,-0.6981
e6290a59-8877-4e5e-ae13-bbf19281948b,FUNESTUS COMPLEX,Point,32.594,0.3646
e64f5c2b-9b5e-4075-8b66-c33766be88de,FUNESTUS COMPLEX,Point,34.205,-0.418
e65d8d6b-c199-43c5-af53-233c43663eaf,FUNESTUS COMPLEX,Point,11.018,1.689
e7009e3c-5e06-4524-b83e-c7c14ae1135b,FUNESTUS COMPLEX,Point,37.45,-0.5667
e7d25f43-a6e5-49a3-9d47-be591943fc0b,FUNESTUS COMPLEX,Point,34.7167,0.0833
eac0de42-1903-4e74-bdfb-9591a6e246d3,FUNESTUS COMPLEX,Point,46.2727,-19.243
ebb99c87-112a-4e71-9138-126bcd58339e,FUNESTUS COMPLEX,Point,34.666667,-0.066667
ebd39919-7087-4ef8-a79d-f3c8f6f9b616,FUNESTUS COMPLEX,Point,33.206,0.44
ec1354cf-30e3-482c-9a8d-7a32533c8ef1,FUNESTUS COMPLEX,Point,37.3939,-0.7497
ec791808-292c-4c69-8260-4f73abd6b3e1,FUNESTUS COMPLEX,Point,32.6131,-25.9147
ee66e24b-6645-444a-af04-96115d897a02,FUNESTUS COMPLEX,Point,32.449,-25.983
eeb26b5d-d919-422b-a631-d9ac4dec07c7,FUNESTUS COMPLEX,Point,34.75,0.15
efcf16a3-8e32-4755-a02e-d9495ce2079a,FUNESTUS COMPLEX,Point,26.9409,-16.4685
f09533a5-50b8-4b4a-bd83-5e14f31cbda4,FUNESTUS COMPLEX,Point,34.504943,0.118785
f1551092-260e-48f5-83d1-dacdce8f6dfe,FUNESTUS COMPLEX,Point,-0.21,5.583
f180eb50-0137-45cc-b322-16572c7080eb,FUNESTUS COMPLEX,Point,34.292,-0.482
f2b51d58-0244-48f5-9a0c-532c763e3688,FUNESTUS COMPLEX,Point,46.2727,-19.243
f3182eb1-5151-490f-ae45-a1dd283c874a,FUNESTUS COMPLEX,Point,37.409,-0.606
f31dd703-9fba-4009-a938-4b0e42719be9,FUNESTUS COMPLEX,Point,33.206,0.44
f46ef69f-1966-404c-9949-b7b985a2b544,FUNESTUS COMPLEX,Point,8.632,3.584
f506dc34-59d8-4ace-bb36-378a3e15d786,FUNESTUS COMPLEX,Point,34.522078,0.120343
f51e5194-7de0-41fc-b434-d9992096d40c,FUNESTUS COMPLEX,Point,8.716,3.701
f5282e10-94cb-44df-a325-99bb9de345f8,FUNESTUS COMPLEX,Point,37.3446,-0.6981
f5decb57-7c7a-4a29-a017-6684818546cd,FUNESTUS COMPLEX,Point,-15.9167,15.9667
f6974fc8-e275-4343-bf06-847b99c675b9,FUNESTUS COMPLEX,Point,34.91,-0.81
f7668009-00d8-45cf-a921-fe03d84101ad,FUNESTUS COMPLEX,Point,34.75488,-0.61051
f8fc56cc-1d1d-44f6-b0e8-39362f9511ac,FUNESTUS COMPLEX,Point,8.849,3.551
f9518a2c-5ed3-43cc-b1ef-fb41f46a9aa9,FUNESTUS COMPLEX,Point,26.773,-16.217
f9af705d-f547-4aa6-8e79-c95cb547d38d,FUNESTUS COMPLEX,Point,-15.9167,15.9667
fa4ffd3e-80c5-4a73-b823-12404a7386d7,FUNESTUS COMPLEX,Point,34.7991,-0.5794
fd2a7220-7755-4626-9488-f4fd74e2612e,FUNESTUS COMPLEX,Point,37.3446,-0.6981
fdad998b-5371-4423-8b73-a9cefad10fc8,FUNESTUS COMPLEX,Point,2.916,13.434
fdcbd184-29e3-4b89-9de1-a2b8c546c452,FUNESTUS COMPLEX,Point,30.566,-24.75
fee7272b-a968-44c4-a9d5-d6f981cd8fb8,FUNESTUS COMPLEX,Point,34.566,-19.465
ff28c880-727c-49e6-b0f0-9fe44357c2f8,FUNESTUS COMPLEX,Point,34.81807,-0.56352
ff41efc1-1dbf-4201-84f6-5b9476bedb03,FUNESTUS COMPLEX,Point,13.507,9.398
ff4a4456-73f2-4de1-96b3-29264cdc2b8b,FUNESTUS COMPLEX,Point,34.5167,-0.1
ff54429c-807a-427c-8daa-caf2145f1d60,FUNESTUS COMPLEX,Point,34.292,-0.482
ff678e81-4a14-4522-ae7d-5d5dfa8d4106,FUNESTUS COMPLEX,Point,3.349,7.159